file,resource_type,method,column,non_null_count,non_null_fraction
MimicCondition.ndjson.gz,Condition,fhiry_compact,resourceType,4506,1.0
MimicCondition.ndjson.gz,Condition,fhiry_compact,id,4506,1.0
MimicCondition.ndjson.gz,Condition,fhiry_compact,subject_ref,4506,1.0
MimicCondition.ndjson.gz,Condition,fhiry_compact,encounter_ref,4506,1.0
MimicCondition.ndjson.gz,Condition,fhiry_compact,code_code,4506,1.0
MimicCondition.ndjson.gz,Condition,fhiry_compact,code_system,4506,1.0
MimicCondition.ndjson.gz,Condition,fhiry_compact,code_display,4506,1.0
MimicCondition.ndjson.gz,Condition,fhiry_compact,clinical_status_code,0,0.0
MimicCondition.ndjson.gz,Condition,fhiry_compact,recorded_date,0,0.0
MimicCondition.ndjson.gz,Condition,fhirpack_frame,id,4506,1.0
MimicCondition.ndjson.gz,Condition,fhirpack_frame,code,4506,1.0
MimicCondition.ndjson.gz,Condition,fhirpack_frame,meta,4506,1.0
MimicCondition.ndjson.gz,Condition,fhirpack_frame,subject,4506,1.0
MimicCondition.ndjson.gz,Condition,fhirpack_frame,category,4506,1.0
MimicCondition.ndjson.gz,Condition,fhirpack_frame,encounter,4506,1.0
MimicCondition.ndjson.gz,Condition,fhirpack_frame,resourceType,4506,1.0
MimicCondition.ndjson.gz,Condition,generic_json_normalize,id,4506,1.0
MimicCondition.ndjson.gz,Condition,generic_json_normalize,category,4506,1.0
MimicCondition.ndjson.gz,Condition,generic_json_normalize,resourceType,4506,1.0
MimicCondition.ndjson.gz,Condition,generic_json_normalize,code.coding,4506,1.0
MimicCondition.ndjson.gz,Condition,generic_json_normalize,meta.profile,4506,1.0
MimicCondition.ndjson.gz,Condition,generic_json_normalize,subject.reference,4506,1.0
MimicCondition.ndjson.gz,Condition,generic_json_normalize,encounter.reference,4506,1.0
MimicConditionED.ndjson.gz,Condition,fhiry_compact,resourceType,545,1.0
MimicConditionED.ndjson.gz,Condition,fhiry_compact,id,545,1.0
MimicConditionED.ndjson.gz,Condition,fhiry_compact,subject_ref,545,1.0
MimicConditionED.ndjson.gz,Condition,fhiry_compact,encounter_ref,545,1.0
MimicConditionED.ndjson.gz,Condition,fhiry_compact,code_code,545,1.0
MimicConditionED.ndjson.gz,Condition,fhiry_compact,code_system,545,1.0
MimicConditionED.ndjson.gz,Condition,fhiry_compact,code_display,545,1.0
MimicConditionED.ndjson.gz,Condition,fhiry_compact,clinical_status_code,0,0.0
MimicConditionED.ndjson.gz,Condition,fhiry_compact,recorded_date,0,0.0
MimicConditionED.ndjson.gz,Condition,fhirpack_frame,id,545,1.0
MimicConditionED.ndjson.gz,Condition,fhirpack_frame,code,545,1.0
MimicConditionED.ndjson.gz,Condition,fhirpack_frame,meta,545,1.0
MimicConditionED.ndjson.gz,Condition,fhirpack_frame,subject,545,1.0
MimicConditionED.ndjson.gz,Condition,fhirpack_frame,category,545,1.0
MimicConditionED.ndjson.gz,Condition,fhirpack_frame,encounter,545,1.0
MimicConditionED.ndjson.gz,Condition,fhirpack_frame,resourceType,545,1.0
MimicConditionED.ndjson.gz,Condition,generic_json_normalize,id,545,1.0
MimicConditionED.ndjson.gz,Condition,generic_json_normalize,category,545,1.0
MimicConditionED.ndjson.gz,Condition,generic_json_normalize,resourceType,545,1.0
MimicConditionED.ndjson.gz,Condition,generic_json_normalize,code.coding,545,1.0
MimicConditionED.ndjson.gz,Condition,generic_json_normalize,meta.profile,545,1.0
MimicConditionED.ndjson.gz,Condition,generic_json_normalize,subject.reference,545,1.0
MimicConditionED.ndjson.gz,Condition,generic_json_normalize,encounter.reference,545,1.0
MimicEncounter.ndjson.gz,Encounter,fhiry_compact,resourceType,275,1.0
MimicEncounter.ndjson.gz,Encounter,fhiry_compact,id,275,1.0
MimicEncounter.ndjson.gz,Encounter,fhiry_compact,status,275,1.0
MimicEncounter.ndjson.gz,Encounter,fhiry_compact,class_code,275,1.0
MimicEncounter.ndjson.gz,Encounter,fhiry_compact,subject_ref,275,1.0
MimicEncounter.ndjson.gz,Encounter,fhiry_compact,period_start,275,1.0
MimicEncounter.ndjson.gz,Encounter,fhiry_compact,period_end,275,1.0
MimicEncounter.ndjson.gz,Encounter,fhiry_compact,service_provider_ref,275,1.0
MimicEncounter.ndjson.gz,Encounter,fhirpack_frame,id,275,1.0
MimicEncounter.ndjson.gz,Encounter,fhirpack_frame,meta,275,1.0
MimicEncounter.ndjson.gz,Encounter,fhirpack_frame,type,275,1.0
MimicEncounter.ndjson.gz,Encounter,fhirpack_frame,class,275,1.0
MimicEncounter.ndjson.gz,Encounter,fhirpack_frame,period,275,1.0
MimicEncounter.ndjson.gz,Encounter,fhirpack_frame,status,275,1.0
MimicEncounter.ndjson.gz,Encounter,fhirpack_frame,subject,275,1.0
MimicEncounter.ndjson.gz,Encounter,fhirpack_frame,location,275,1.0
MimicEncounter.ndjson.gz,Encounter,fhirpack_frame,priority,275,1.0
MimicEncounter.ndjson.gz,Encounter,fhirpack_frame,identifier,275,1.0
MimicEncounter.ndjson.gz,Encounter,fhirpack_frame,serviceType,275,1.0
MimicEncounter.ndjson.gz,Encounter,fhirpack_frame,resourceType,275,1.0
MimicEncounter.ndjson.gz,Encounter,fhirpack_frame,hospitalization,275,1.0
MimicEncounter.ndjson.gz,Encounter,fhirpack_frame,serviceProvider,275,1.0
MimicEncounter.ndjson.gz,Encounter,generic_json_normalize,id,275,1.0
MimicEncounter.ndjson.gz,Encounter,generic_json_normalize,type,275,1.0
MimicEncounter.ndjson.gz,Encounter,generic_json_normalize,status,275,1.0
MimicEncounter.ndjson.gz,Encounter,generic_json_normalize,location,275,1.0
MimicEncounter.ndjson.gz,Encounter,generic_json_normalize,identifier,275,1.0
MimicEncounter.ndjson.gz,Encounter,generic_json_normalize,resourceType,275,1.0
MimicEncounter.ndjson.gz,Encounter,generic_json_normalize,meta.profile,275,1.0
MimicEncounter.ndjson.gz,Encounter,generic_json_normalize,class.code,275,1.0
MimicEncounter.ndjson.gz,Encounter,generic_json_normalize,class.system,275,1.0
MimicEncounter.ndjson.gz,Encounter,generic_json_normalize,class.display,275,1.0
MimicEncounter.ndjson.gz,Encounter,generic_json_normalize,period.end,275,1.0
MimicEncounter.ndjson.gz,Encounter,generic_json_normalize,period.start,275,1.0
MimicEncounter.ndjson.gz,Encounter,generic_json_normalize,subject.reference,275,1.0
MimicEncounter.ndjson.gz,Encounter,generic_json_normalize,priority.coding,275,1.0
MimicEncounter.ndjson.gz,Encounter,generic_json_normalize,serviceType.coding,275,1.0
MimicEncounter.ndjson.gz,Encounter,generic_json_normalize,hospitalization.admitSource.coding,275,1.0
MimicEncounter.ndjson.gz,Encounter,generic_json_normalize,hospitalization.dischargeDisposition.coding,233,0.8472727272727273
MimicEncounter.ndjson.gz,Encounter,generic_json_normalize,serviceProvider.reference,275,1.0
MimicEncounterED.ndjson.gz,Encounter,fhiry_compact,resourceType,222,1.0
MimicEncounterED.ndjson.gz,Encounter,fhiry_compact,id,222,1.0
MimicEncounterED.ndjson.gz,Encounter,fhiry_compact,status,222,1.0
MimicEncounterED.ndjson.gz,Encounter,fhiry_compact,class_code,222,1.0
MimicEncounterED.ndjson.gz,Encounter,fhiry_compact,subject_ref,222,1.0
MimicEncounterED.ndjson.gz,Encounter,fhiry_compact,period_start,222,1.0
MimicEncounterED.ndjson.gz,Encounter,fhiry_compact,period_end,222,1.0
MimicEncounterED.ndjson.gz,Encounter,fhiry_compact,service_provider_ref,222,1.0
MimicEncounterED.ndjson.gz,Encounter,fhirpack_frame,id,222,1.0
MimicEncounterED.ndjson.gz,Encounter,fhirpack_frame,meta,222,1.0
MimicEncounterED.ndjson.gz,Encounter,fhirpack_frame,type,222,1.0
MimicEncounterED.ndjson.gz,Encounter,fhirpack_frame,class,222,1.0
MimicEncounterED.ndjson.gz,Encounter,fhirpack_frame,partOf,172,0.7747747747747747
MimicEncounterED.ndjson.gz,Encounter,fhirpack_frame,period,222,1.0
MimicEncounterED.ndjson.gz,Encounter,fhirpack_frame,status,222,1.0
MimicEncounterED.ndjson.gz,Encounter,fhirpack_frame,subject,222,1.0
MimicEncounterED.ndjson.gz,Encounter,fhirpack_frame,identifier,222,1.0
MimicEncounterED.ndjson.gz,Encounter,fhirpack_frame,resourceType,222,1.0
MimicEncounterED.ndjson.gz,Encounter,fhirpack_frame,hospitalization,222,1.0
MimicEncounterED.ndjson.gz,Encounter,fhirpack_frame,serviceProvider,222,1.0
MimicEncounterED.ndjson.gz,Encounter,generic_json_normalize,id,222,1.0
MimicEncounterED.ndjson.gz,Encounter,generic_json_normalize,type,222,1.0
MimicEncounterED.ndjson.gz,Encounter,generic_json_normalize,status,222,1.0
MimicEncounterED.ndjson.gz,Encounter,generic_json_normalize,identifier,222,1.0
MimicEncounterED.ndjson.gz,Encounter,generic_json_normalize,resourceType,222,1.0
MimicEncounterED.ndjson.gz,Encounter,generic_json_normalize,meta.profile,222,1.0
MimicEncounterED.ndjson.gz,Encounter,generic_json_normalize,class.code,222,1.0
MimicEncounterED.ndjson.gz,Encounter,generic_json_normalize,class.system,222,1.0
MimicEncounterED.ndjson.gz,Encounter,generic_json_normalize,class.display,222,1.0
MimicEncounterED.ndjson.gz,Encounter,generic_json_normalize,partOf.reference,172,0.7747747747747747
MimicEncounterED.ndjson.gz,Encounter,generic_json_normalize,period.end,222,1.0
MimicEncounterED.ndjson.gz,Encounter,generic_json_normalize,period.start,222,1.0
MimicEncounterED.ndjson.gz,Encounter,generic_json_normalize,subject.reference,222,1.0
MimicEncounterED.ndjson.gz,Encounter,generic_json_normalize,hospitalization.admitSource.coding,222,1.0
MimicEncounterED.ndjson.gz,Encounter,generic_json_normalize,hospitalization.dischargeDisposition.coding,222,1.0
MimicEncounterED.ndjson.gz,Encounter,generic_json_normalize,serviceProvider.reference,222,1.0
MimicEncounterICU.ndjson.gz,Encounter,fhiry_compact,resourceType,140,1.0
MimicEncounterICU.ndjson.gz,Encounter,fhiry_compact,id,140,1.0
MimicEncounterICU.ndjson.gz,Encounter,fhiry_compact,status,140,1.0
MimicEncounterICU.ndjson.gz,Encounter,fhiry_compact,class_code,140,1.0
MimicEncounterICU.ndjson.gz,Encounter,fhiry_compact,subject_ref,140,1.0
MimicEncounterICU.ndjson.gz,Encounter,fhiry_compact,period_start,140,1.0
MimicEncounterICU.ndjson.gz,Encounter,fhiry_compact,period_end,140,1.0
MimicEncounterICU.ndjson.gz,Encounter,fhiry_compact,service_provider_ref,0,0.0
MimicEncounterICU.ndjson.gz,Encounter,fhirpack_frame,id,140,1.0
MimicEncounterICU.ndjson.gz,Encounter,fhirpack_frame,meta,140,1.0
MimicEncounterICU.ndjson.gz,Encounter,fhirpack_frame,type,140,1.0
MimicEncounterICU.ndjson.gz,Encounter,fhirpack_frame,class,140,1.0
MimicEncounterICU.ndjson.gz,Encounter,fhirpack_frame,partOf,140,1.0
MimicEncounterICU.ndjson.gz,Encounter,fhirpack_frame,period,140,1.0
MimicEncounterICU.ndjson.gz,Encounter,fhirpack_frame,status,140,1.0
MimicEncounterICU.ndjson.gz,Encounter,fhirpack_frame,subject,140,1.0
MimicEncounterICU.ndjson.gz,Encounter,fhirpack_frame,location,140,1.0
MimicEncounterICU.ndjson.gz,Encounter,fhirpack_frame,identifier,140,1.0
MimicEncounterICU.ndjson.gz,Encounter,fhirpack_frame,resourceType,140,1.0
MimicEncounterICU.ndjson.gz,Encounter,generic_json_normalize,id,140,1.0
MimicEncounterICU.ndjson.gz,Encounter,generic_json_normalize,type,140,1.0
MimicEncounterICU.ndjson.gz,Encounter,generic_json_normalize,status,140,1.0
MimicEncounterICU.ndjson.gz,Encounter,generic_json_normalize,location,140,1.0
MimicEncounterICU.ndjson.gz,Encounter,generic_json_normalize,identifier,140,1.0
MimicEncounterICU.ndjson.gz,Encounter,generic_json_normalize,resourceType,140,1.0
MimicEncounterICU.ndjson.gz,Encounter,generic_json_normalize,meta.profile,140,1.0
MimicEncounterICU.ndjson.gz,Encounter,generic_json_normalize,class.code,140,1.0
MimicEncounterICU.ndjson.gz,Encounter,generic_json_normalize,class.system,140,1.0
MimicEncounterICU.ndjson.gz,Encounter,generic_json_normalize,partOf.reference,140,1.0
MimicEncounterICU.ndjson.gz,Encounter,generic_json_normalize,period.end,140,1.0
MimicEncounterICU.ndjson.gz,Encounter,generic_json_normalize,period.start,140,1.0
MimicEncounterICU.ndjson.gz,Encounter,generic_json_normalize,subject.reference,140,1.0
MimicMedication.ndjson.gz,Medication,fhiry_compact,resourceType,1480,1.0
MimicMedication.ndjson.gz,Medication,fhiry_compact,id,1480,1.0
MimicMedication.ndjson.gz,Medication,fhiry_compact,code_code,1480,1.0
MimicMedication.ndjson.gz,Medication,fhiry_compact,code_system,1480,1.0
MimicMedication.ndjson.gz,Medication,fhiry_compact,code_display,0,0.0
MimicMedication.ndjson.gz,Medication,fhirpack_frame,id,1480,1.0
MimicMedication.ndjson.gz,Medication,fhirpack_frame,code,1480,1.0
MimicMedication.ndjson.gz,Medication,fhirpack_frame,meta,1480,1.0
MimicMedication.ndjson.gz,Medication,fhirpack_frame,status,1480,1.0
MimicMedication.ndjson.gz,Medication,fhirpack_frame,identifier,1480,1.0
MimicMedication.ndjson.gz,Medication,fhirpack_frame,resourceType,1480,1.0
MimicMedication.ndjson.gz,Medication,generic_json_normalize,id,1480,1.0
MimicMedication.ndjson.gz,Medication,generic_json_normalize,status,1480,1.0
MimicMedication.ndjson.gz,Medication,generic_json_normalize,identifier,1480,1.0
MimicMedication.ndjson.gz,Medication,generic_json_normalize,resourceType,1480,1.0
MimicMedication.ndjson.gz,Medication,generic_json_normalize,code.coding,1480,1.0
MimicMedication.ndjson.gz,Medication,generic_json_normalize,meta.profile,1480,1.0
MimicMedicationAdministration.ndjson.gz,MedicationAdministration,fhiry_compact,resourceType,36131,1.0
MimicMedicationAdministration.ndjson.gz,MedicationAdministration,fhiry_compact,id,36131,1.0
MimicMedicationAdministration.ndjson.gz,MedicationAdministration,fhiry_compact,status,36131,1.0
MimicMedicationAdministration.ndjson.gz,MedicationAdministration,fhiry_compact,subject_ref,36131,1.0
MimicMedicationAdministration.ndjson.gz,MedicationAdministration,fhiry_compact,context_ref,35072,0.9706899892059451
MimicMedicationAdministration.ndjson.gz,MedicationAdministration,fhiry_compact,medication_ref,0,0.0
MimicMedicationAdministration.ndjson.gz,MedicationAdministration,fhiry_compact,effective_datetime,36131,1.0
MimicMedicationAdministration.ndjson.gz,MedicationAdministration,fhirpack_frame,id,36131,1.0
MimicMedicationAdministration.ndjson.gz,MedicationAdministration,fhirpack_frame,meta,36131,1.0
MimicMedicationAdministration.ndjson.gz,MedicationAdministration,fhirpack_frame,dosage,32523,0.9001411530264869
MimicMedicationAdministration.ndjson.gz,MedicationAdministration,fhirpack_frame,status,36131,1.0
MimicMedicationAdministration.ndjson.gz,MedicationAdministration,fhirpack_frame,context,35072,0.9706899892059451
MimicMedicationAdministration.ndjson.gz,MedicationAdministration,fhirpack_frame,request,35026,0.9694168442611608
MimicMedicationAdministration.ndjson.gz,MedicationAdministration,fhirpack_frame,subject,36131,1.0
MimicMedicationAdministration.ndjson.gz,MedicationAdministration,fhirpack_frame,resourceType,36131,1.0
MimicMedicationAdministration.ndjson.gz,MedicationAdministration,fhirpack_frame,effectiveDateTime,36131,1.0
MimicMedicationAdministration.ndjson.gz,MedicationAdministration,fhirpack_frame,medicationCodeableConcept,36131,1.0
MimicMedicationAdministration.ndjson.gz,MedicationAdministration,generic_json_normalize,id,36131,1.0
MimicMedicationAdministration.ndjson.gz,MedicationAdministration,generic_json_normalize,status,36131,1.0
MimicMedicationAdministration.ndjson.gz,MedicationAdministration,generic_json_normalize,resourceType,36131,1.0
MimicMedicationAdministration.ndjson.gz,MedicationAdministration,generic_json_normalize,effectiveDateTime,36131,1.0
MimicMedicationAdministration.ndjson.gz,MedicationAdministration,generic_json_normalize,meta.profile,36131,1.0
MimicMedicationAdministration.ndjson.gz,MedicationAdministration,generic_json_normalize,dosage.dose.code,32503,0.899587611746146
MimicMedicationAdministration.ndjson.gz,MedicationAdministration,generic_json_normalize,dosage.dose.unit,32503,0.899587611746146
MimicMedicationAdministration.ndjson.gz,MedicationAdministration,generic_json_normalize,dosage.dose.value,32523,0.9001411530264869
MimicMedicationAdministration.ndjson.gz,MedicationAdministration,generic_json_normalize,dosage.dose.system,32523,0.9001411530264869
MimicMedicationAdministration.ndjson.gz,MedicationAdministration,generic_json_normalize,dosage.text,32523,0.9001411530264869
MimicMedicationAdministration.ndjson.gz,MedicationAdministration,generic_json_normalize,dosage.method.coding,32180,0.8906479200686391
MimicMedicationAdministration.ndjson.gz,MedicationAdministration,generic_json_normalize,context.reference,35072,0.9706899892059451
MimicMedicationAdministration.ndjson.gz,MedicationAdministration,generic_json_normalize,request.reference,35026,0.9694168442611608
MimicMedicationAdministration.ndjson.gz,MedicationAdministration,generic_json_normalize,subject.reference,36131,1.0
MimicMedicationAdministration.ndjson.gz,MedicationAdministration,generic_json_normalize,medicationCodeableConcept.coding,36131,1.0
MimicMedicationDispense.ndjson.gz,MedicationDispense,fhiry_compact,resourceType,14293,1.0
MimicMedicationDispense.ndjson.gz,MedicationDispense,fhiry_compact,id,14293,1.0
MimicMedicationDispense.ndjson.gz,MedicationDispense,fhiry_compact,status,14293,1.0
MimicMedicationDispense.ndjson.gz,MedicationDispense,fhiry_compact,subject_ref,14293,1.0
MimicMedicationDispense.ndjson.gz,MedicationDispense,fhiry_compact,context_ref,14293,1.0
MimicMedicationDispense.ndjson.gz,MedicationDispense,fhiry_compact,medication_ref,0,0.0
MimicMedicationDispense.ndjson.gz,MedicationDispense,fhiry_compact,when_handed_over,0,0.0
MimicMedicationDispense.ndjson.gz,MedicationDispense,fhirpack_frame,id,14293,1.0
MimicMedicationDispense.ndjson.gz,MedicationDispense,fhirpack_frame,meta,14293,1.0
MimicMedicationDispense.ndjson.gz,MedicationDispense,fhirpack_frame,status,14293,1.0
MimicMedicationDispense.ndjson.gz,MedicationDispense,fhirpack_frame,context,14293,1.0
MimicMedicationDispense.ndjson.gz,MedicationDispense,fhirpack_frame,subject,14293,1.0
MimicMedicationDispense.ndjson.gz,MedicationDispense,fhirpack_frame,identifier,14293,1.0
MimicMedicationDispense.ndjson.gz,MedicationDispense,fhirpack_frame,resourceType,14293,1.0
MimicMedicationDispense.ndjson.gz,MedicationDispense,fhirpack_frame,dosageInstruction,14287,0.9995802140908137
MimicMedicationDispense.ndjson.gz,MedicationDispense,fhirpack_frame,authorizingPrescription,14293,1.0
MimicMedicationDispense.ndjson.gz,MedicationDispense,fhirpack_frame,medicationCodeableConcept,14293,1.0
MimicMedicationDispense.ndjson.gz,MedicationDispense,generic_json_normalize,id,14293,1.0
MimicMedicationDispense.ndjson.gz,MedicationDispense,generic_json_normalize,status,14293,1.0
MimicMedicationDispense.ndjson.gz,MedicationDispense,generic_json_normalize,identifier,14293,1.0
MimicMedicationDispense.ndjson.gz,MedicationDispense,generic_json_normalize,resourceType,14293,1.0
MimicMedicationDispense.ndjson.gz,MedicationDispense,generic_json_normalize,dosageInstruction,14287,0.9995802140908137
MimicMedicationDispense.ndjson.gz,MedicationDispense,generic_json_normalize,authorizingPrescription,14293,1.0
MimicMedicationDispense.ndjson.gz,MedicationDispense,generic_json_normalize,meta.profile,14293,1.0
MimicMedicationDispense.ndjson.gz,MedicationDispense,generic_json_normalize,context.reference,14293,1.0
MimicMedicationDispense.ndjson.gz,MedicationDispense,generic_json_normalize,subject.reference,14293,1.0
MimicMedicationDispense.ndjson.gz,MedicationDispense,generic_json_normalize,medicationCodeableConcept.coding,14293,1.0
MimicMedicationRequest.ndjson.gz,MedicationRequest,fhiry_compact,resourceType,17552,1.0
MimicMedicationRequest.ndjson.gz,MedicationRequest,fhiry_compact,id,17552,1.0
MimicMedicationRequest.ndjson.gz,MedicationRequest,fhiry_compact,status,17552,1.0
MimicMedicationRequest.ndjson.gz,MedicationRequest,fhiry_compact,intent,17552,1.0
MimicMedicationRequest.ndjson.gz,MedicationRequest,fhiry_compact,subject_ref,17552,1.0
MimicMedicationRequest.ndjson.gz,MedicationRequest,fhiry_compact,encounter_ref,17552,1.0
MimicMedicationRequest.ndjson.gz,MedicationRequest,fhiry_compact,medication_ref,15225,0.867422515952598
MimicMedicationRequest.ndjson.gz,MedicationRequest,fhiry_compact,authored_on,17552,1.0
MimicMedicationRequest.ndjson.gz,MedicationRequest,fhirpack_frame,id,17552,1.0
MimicMedicationRequest.ndjson.gz,MedicationRequest,fhirpack_frame,meta,17552,1.0
MimicMedicationRequest.ndjson.gz,MedicationRequest,fhirpack_frame,intent,17552,1.0
MimicMedicationRequest.ndjson.gz,MedicationRequest,fhirpack_frame,status,17552,1.0
MimicMedicationRequest.ndjson.gz,MedicationRequest,fhirpack_frame,subject,17552,1.0
MimicMedicationRequest.ndjson.gz,MedicationRequest,fhirpack_frame,encounter,17552,1.0
MimicMedicationRequest.ndjson.gz,MedicationRequest,fhirpack_frame,authoredOn,17552,1.0
MimicMedicationRequest.ndjson.gz,MedicationRequest,fhirpack_frame,identifier,17552,1.0
MimicMedicationRequest.ndjson.gz,MedicationRequest,fhirpack_frame,resourceType,17552,1.0
MimicMedicationRequest.ndjson.gz,MedicationRequest,fhirpack_frame,dispenseRequest,14574,0.8303327256153145
MimicMedicationRequest.ndjson.gz,MedicationRequest,fhirpack_frame,dosageInstruction,15219,0.8670806745670009
MimicMedicationRequest.ndjson.gz,MedicationRequest,fhirpack_frame,medicationReference,15225,0.867422515952598
MimicMedicationRequest.ndjson.gz,MedicationRequest,fhirpack_frame,medicationCodeableConcept,2327,0.132577484047402
MimicMedicationRequest.ndjson.gz,MedicationRequest,generic_json_normalize,id,17552,1.0
MimicMedicationRequest.ndjson.gz,MedicationRequest,generic_json_normalize,intent,17552,1.0
MimicMedicationRequest.ndjson.gz,MedicationRequest,generic_json_normalize,status,17552,1.0
MimicMedicationRequest.ndjson.gz,MedicationRequest,generic_json_normalize,authoredOn,17552,1.0
MimicMedicationRequest.ndjson.gz,MedicationRequest,generic_json_normalize,identifier,17552,1.0
MimicMedicationRequest.ndjson.gz,MedicationRequest,generic_json_normalize,resourceType,17552,1.0
MimicMedicationRequest.ndjson.gz,MedicationRequest,generic_json_normalize,dosageInstruction,15219,0.8670806745670009
MimicMedicationRequest.ndjson.gz,MedicationRequest,generic_json_normalize,meta.profile,17552,1.0
MimicMedicationRequest.ndjson.gz,MedicationRequest,generic_json_normalize,subject.reference,17552,1.0
MimicMedicationRequest.ndjson.gz,MedicationRequest,generic_json_normalize,encounter.reference,17552,1.0
MimicMedicationRequest.ndjson.gz,MedicationRequest,generic_json_normalize,dispenseRequest.validityPeriod.end,14574,0.8303327256153145
MimicMedicationRequest.ndjson.gz,MedicationRequest,generic_json_normalize,dispenseRequest.validityPeriod.start,14574,0.8303327256153145
MimicMedicationRequest.ndjson.gz,MedicationRequest,generic_json_normalize,medicationReference.reference,15225,0.867422515952598
MimicMedicationRequest.ndjson.gz,MedicationRequest,generic_json_normalize,medicationCodeableConcept.coding,2327,0.132577484047402
MimicObservationChartevents.ndjson.gz,Observation,fhiry_compact,resourceType,668862,1.0
MimicObservationChartevents.ndjson.gz,Observation,fhiry_compact,id,668862,1.0
MimicObservationChartevents.ndjson.gz,Observation,fhiry_compact,status,668862,1.0
MimicObservationChartevents.ndjson.gz,Observation,fhiry_compact,subject_ref,668862,1.0
MimicObservationChartevents.ndjson.gz,Observation,fhiry_compact,encounter_ref,668862,1.0
MimicObservationChartevents.ndjson.gz,Observation,fhiry_compact,code_code,668862,1.0
MimicObservationChartevents.ndjson.gz,Observation,fhiry_compact,code_system,668862,1.0
MimicObservationChartevents.ndjson.gz,Observation,fhiry_compact,code_display,668862,1.0
MimicObservationChartevents.ndjson.gz,Observation,fhiry_compact,effective_datetime,668862,1.0
MimicObservationChartevents.ndjson.gz,Observation,fhiry_compact,value_quantity_value,257474,0.3849433814449019
MimicObservationChartevents.ndjson.gz,Observation,fhiry_compact,value_quantity_unit,162571,0.2430561162093227
MimicObservationChartevents.ndjson.gz,Observation,fhiry_compact,value_quantity_code,162571,0.2430561162093227
MimicObservationChartevents.ndjson.gz,Observation,fhiry_compact,value_string,411388,0.6150566185550981
MimicObservationChartevents.ndjson.gz,Observation,fhirpack_frame,id,668862,1.0
MimicObservationChartevents.ndjson.gz,Observation,fhirpack_frame,code,668862,1.0
MimicObservationChartevents.ndjson.gz,Observation,fhirpack_frame,meta,668862,1.0
MimicObservationChartevents.ndjson.gz,Observation,fhirpack_frame,issued,667703,0.9982672060903445
MimicObservationChartevents.ndjson.gz,Observation,fhirpack_frame,status,668862,1.0
MimicObservationChartevents.ndjson.gz,Observation,fhirpack_frame,subject,668862,1.0
MimicObservationChartevents.ndjson.gz,Observation,fhirpack_frame,category,668862,1.0
MimicObservationChartevents.ndjson.gz,Observation,fhirpack_frame,encounter,668862,1.0
MimicObservationChartevents.ndjson.gz,Observation,fhirpack_frame,resourceType,668862,1.0
MimicObservationChartevents.ndjson.gz,Observation,fhirpack_frame,valueQuantity,257474,0.3849433814449019
MimicObservationChartevents.ndjson.gz,Observation,fhirpack_frame,effectiveDateTime,668862,1.0
MimicObservationChartevents.ndjson.gz,Observation,fhirpack_frame,valueString,411388,0.6150566185550981
MimicObservationChartevents.ndjson.gz,Observation,fhirpack_frame,referenceRange,18473,0.027618552107908655
MimicObservationChartevents.ndjson.gz,Observation,generic_json_normalize,id,668862,1.0
MimicObservationChartevents.ndjson.gz,Observation,generic_json_normalize,issued,667703,0.9982672060903445
MimicObservationChartevents.ndjson.gz,Observation,generic_json_normalize,status,668862,1.0
MimicObservationChartevents.ndjson.gz,Observation,generic_json_normalize,category,668862,1.0
MimicObservationChartevents.ndjson.gz,Observation,generic_json_normalize,resourceType,668862,1.0
MimicObservationChartevents.ndjson.gz,Observation,generic_json_normalize,effectiveDateTime,668862,1.0
MimicObservationChartevents.ndjson.gz,Observation,generic_json_normalize,code.coding,668862,1.0
MimicObservationChartevents.ndjson.gz,Observation,generic_json_normalize,meta.profile,668862,1.0
MimicObservationChartevents.ndjson.gz,Observation,generic_json_normalize,subject.reference,668862,1.0
MimicObservationChartevents.ndjson.gz,Observation,generic_json_normalize,encounter.reference,668862,1.0
MimicObservationChartevents.ndjson.gz,Observation,generic_json_normalize,valueQuantity.code,162571,0.2430561162093227
MimicObservationChartevents.ndjson.gz,Observation,generic_json_normalize,valueQuantity.unit,162571,0.2430561162093227
MimicObservationChartevents.ndjson.gz,Observation,generic_json_normalize,valueQuantity.value,257474,0.3849433814449019
MimicObservationChartevents.ndjson.gz,Observation,generic_json_normalize,valueQuantity.system,257474,0.3849433814449019
MimicObservationChartevents.ndjson.gz,Observation,generic_json_normalize,valueString,411388,0.6150566185550981
MimicObservationChartevents.ndjson.gz,Observation,generic_json_normalize,referenceRange,18473,0.027618552107908655
MimicObservationED.ndjson.gz,Observation,fhiry_compact,resourceType,2742,1.0
MimicObservationED.ndjson.gz,Observation,fhiry_compact,id,2742,1.0
MimicObservationED.ndjson.gz,Observation,fhiry_compact,status,2742,1.0
MimicObservationED.ndjson.gz,Observation,fhiry_compact,subject_ref,2742,1.0
MimicObservationED.ndjson.gz,Observation,fhiry_compact,encounter_ref,2742,1.0
MimicObservationED.ndjson.gz,Observation,fhiry_compact,code_code,2742,1.0
MimicObservationED.ndjson.gz,Observation,fhiry_compact,code_system,2742,1.0
MimicObservationED.ndjson.gz,Observation,fhiry_compact,code_display,2742,1.0
MimicObservationED.ndjson.gz,Observation,fhiry_compact,effective_datetime,2742,1.0
MimicObservationED.ndjson.gz,Observation,fhiry_compact,value_quantity_value,0,0.0
MimicObservationED.ndjson.gz,Observation,fhiry_compact,value_quantity_unit,0,0.0
MimicObservationED.ndjson.gz,Observation,fhiry_compact,value_quantity_code,0,0.0
MimicObservationED.ndjson.gz,Observation,fhiry_compact,value_string,1399,0.5102115244347192
MimicObservationED.ndjson.gz,Observation,fhirpack_frame,id,2742,1.0
MimicObservationED.ndjson.gz,Observation,fhirpack_frame,code,2742,1.0
MimicObservationED.ndjson.gz,Observation,fhirpack_frame,meta,2742,1.0
MimicObservationED.ndjson.gz,Observation,fhirpack_frame,partOf,2742,1.0
MimicObservationED.ndjson.gz,Observation,fhirpack_frame,status,2742,1.0
MimicObservationED.ndjson.gz,Observation,fhirpack_frame,subject,2742,1.0
MimicObservationED.ndjson.gz,Observation,fhirpack_frame,category,2742,1.0
MimicObservationED.ndjson.gz,Observation,fhirpack_frame,encounter,2742,1.0
MimicObservationED.ndjson.gz,Observation,fhirpack_frame,valueString,1399,0.5102115244347192
MimicObservationED.ndjson.gz,Observation,fhirpack_frame,resourceType,2742,1.0
MimicObservationED.ndjson.gz,Observation,fhirpack_frame,effectiveDateTime,2742,1.0
MimicObservationED.ndjson.gz,Observation,fhirpack_frame,dataAbsentReason,1343,0.4897884755652808
MimicObservationED.ndjson.gz,Observation,generic_json_normalize,id,2742,1.0
MimicObservationED.ndjson.gz,Observation,generic_json_normalize,partOf,2742,1.0
MimicObservationED.ndjson.gz,Observation,generic_json_normalize,status,2742,1.0
MimicObservationED.ndjson.gz,Observation,generic_json_normalize,category,2742,1.0
MimicObservationED.ndjson.gz,Observation,generic_json_normalize,valueString,1399,0.5102115244347192
MimicObservationED.ndjson.gz,Observation,generic_json_normalize,resourceType,2742,1.0
MimicObservationED.ndjson.gz,Observation,generic_json_normalize,effectiveDateTime,2742,1.0
MimicObservationED.ndjson.gz,Observation,generic_json_normalize,code.coding,2742,1.0
MimicObservationED.ndjson.gz,Observation,generic_json_normalize,meta.profile,2742,1.0
MimicObservationED.ndjson.gz,Observation,generic_json_normalize,subject.reference,2742,1.0
MimicObservationED.ndjson.gz,Observation,generic_json_normalize,encounter.reference,2742,1.0
MimicObservationED.ndjson.gz,Observation,generic_json_normalize,dataAbsentReason.coding,1343,0.4897884755652808
MimicObservationLabevents.ndjson.gz,Observation,fhiry_compact,resourceType,107727,1.0
MimicObservationLabevents.ndjson.gz,Observation,fhiry_compact,id,107727,1.0
MimicObservationLabevents.ndjson.gz,Observation,fhiry_compact,status,107727,1.0
MimicObservationLabevents.ndjson.gz,Observation,fhiry_compact,subject_ref,107727,1.0
MimicObservationLabevents.ndjson.gz,Observation,fhiry_compact,encounter_ref,79307,0.7361849861223277
MimicObservationLabevents.ndjson.gz,Observation,fhiry_compact,code_code,107727,1.0
MimicObservationLabevents.ndjson.gz,Observation,fhiry_compact,code_system,107727,1.0
MimicObservationLabevents.ndjson.gz,Observation,fhiry_compact,code_display,107727,1.0
MimicObservationLabevents.ndjson.gz,Observation,fhiry_compact,effective_datetime,107727,1.0
MimicObservationLabevents.ndjson.gz,Observation,fhiry_compact,value_quantity_value,95258,0.88425371541025
MimicObservationLabevents.ndjson.gz,Observation,fhiry_compact,value_quantity_unit,88951,0.8257075756309932
MimicObservationLabevents.ndjson.gz,Observation,fhiry_compact,value_quantity_code,88951,0.8257075756309932
MimicObservationLabevents.ndjson.gz,Observation,fhiry_compact,value_string,12467,0.115727719141905
MimicObservationLabevents.ndjson.gz,Observation,fhirpack_frame,id,107727,1.0
MimicObservationLabevents.ndjson.gz,Observation,fhirpack_frame,code,107727,1.0
MimicObservationLabevents.ndjson.gz,Observation,fhirpack_frame,meta,107727,1.0
MimicObservationLabevents.ndjson.gz,Observation,fhirpack_frame,issued,106735,0.9907915378688722
MimicObservationLabevents.ndjson.gz,Observation,fhirpack_frame,status,107727,1.0
MimicObservationLabevents.ndjson.gz,Observation,fhirpack_frame,subject,107727,1.0
MimicObservationLabevents.ndjson.gz,Observation,fhirpack_frame,category,107727,1.0
MimicObservationLabevents.ndjson.gz,Observation,fhirpack_frame,specimen,107727,1.0
MimicObservationLabevents.ndjson.gz,Observation,fhirpack_frame,extension,98398,0.9134014685269245
MimicObservationLabevents.ndjson.gz,Observation,fhirpack_frame,identifier,107727,1.0
MimicObservationLabevents.ndjson.gz,Observation,fhirpack_frame,resourceType,107727,1.0
MimicObservationLabevents.ndjson.gz,Observation,fhirpack_frame,valueQuantity,95258,0.88425371541025
MimicObservationLabevents.ndjson.gz,Observation,fhirpack_frame,referenceRange,88999,0.8261531463792735
MimicObservationLabevents.ndjson.gz,Observation,fhirpack_frame,effectiveDateTime,107727,1.0
MimicObservationLabevents.ndjson.gz,Observation,fhirpack_frame,note,18454,0.1713033872659593
MimicObservationLabevents.ndjson.gz,Observation,fhirpack_frame,valueString,12467,0.115727719141905
MimicObservationLabevents.ndjson.gz,Observation,fhirpack_frame,encounter,79307,0.7361849861223277
MimicObservationLabevents.ndjson.gz,Observation,fhirpack_frame,dataAbsentReason,2,1.8565447845015642e-05
MimicObservationLabevents.ndjson.gz,Observation,generic_json_normalize,id,107727,1.0
MimicObservationLabevents.ndjson.gz,Observation,generic_json_normalize,issued,106735,0.9907915378688722
MimicObservationLabevents.ndjson.gz,Observation,generic_json_normalize,status,107727,1.0
MimicObservationLabevents.ndjson.gz,Observation,generic_json_normalize,category,107727,1.0
MimicObservationLabevents.ndjson.gz,Observation,generic_json_normalize,extension,98398,0.9134014685269245
MimicObservationLabevents.ndjson.gz,Observation,generic_json_normalize,identifier,107727,1.0
MimicObservationLabevents.ndjson.gz,Observation,generic_json_normalize,resourceType,107727,1.0
MimicObservationLabevents.ndjson.gz,Observation,generic_json_normalize,referenceRange,88999,0.8261531463792735
MimicObservationLabevents.ndjson.gz,Observation,generic_json_normalize,effectiveDateTime,107727,1.0
MimicObservationLabevents.ndjson.gz,Observation,generic_json_normalize,code.coding,107727,1.0
MimicObservationLabevents.ndjson.gz,Observation,generic_json_normalize,meta.profile,107727,1.0
MimicObservationLabevents.ndjson.gz,Observation,generic_json_normalize,subject.reference,107727,1.0
MimicObservationLabevents.ndjson.gz,Observation,generic_json_normalize,specimen.reference,107727,1.0
MimicObservationLabevents.ndjson.gz,Observation,generic_json_normalize,valueQuantity.code,88951,0.8257075756309932
MimicObservationLabevents.ndjson.gz,Observation,generic_json_normalize,valueQuantity.unit,88951,0.8257075756309932
MimicObservationLabevents.ndjson.gz,Observation,generic_json_normalize,valueQuantity.value,95258,0.88425371541025
MimicObservationLabevents.ndjson.gz,Observation,generic_json_normalize,valueQuantity.system,95258,0.88425371541025
MimicObservationLabevents.ndjson.gz,Observation,generic_json_normalize,note,18454,0.1713033872659593
MimicObservationLabevents.ndjson.gz,Observation,generic_json_normalize,valueString,12467,0.115727719141905
MimicObservationLabevents.ndjson.gz,Observation,generic_json_normalize,encounter.reference,79307,0.7361849861223277
MimicObservationLabevents.ndjson.gz,Observation,generic_json_normalize,valueQuantity.comparator,12,0.00011139268707009385
MimicObservationLabevents.ndjson.gz,Observation,generic_json_normalize,dataAbsentReason.coding,2,1.8565447845015642e-05
MimicPatient.ndjson.gz,Patient,fhiry_compact,resourceType,100,1.0
MimicPatient.ndjson.gz,Patient,fhiry_compact,id,100,1.0
MimicPatient.ndjson.gz,Patient,fhiry_compact,gender,100,1.0
MimicPatient.ndjson.gz,Patient,fhiry_compact,birthDate,100,1.0
MimicPatient.ndjson.gz,Patient,fhiry_compact,identifier_value,100,1.0
MimicPatient.ndjson.gz,Patient,fhiry_compact,identifier_system,100,1.0
MimicPatient.ndjson.gz,Patient,fhiry_compact,marital_code,100,1.0
MimicPatient.ndjson.gz,Patient,fhiry_compact,marital_system,100,1.0
MimicPatient.ndjson.gz,Patient,fhiry_compact,managing_org_ref,100,1.0
MimicPatient.ndjson.gz,Patient,fhirpack_frame,id,100,1.0
MimicPatient.ndjson.gz,Patient,fhirpack_frame,meta,100,1.0
MimicPatient.ndjson.gz,Patient,fhirpack_frame,name,100,1.0
MimicPatient.ndjson.gz,Patient,fhirpack_frame,gender,100,1.0
MimicPatient.ndjson.gz,Patient,fhirpack_frame,birthDate,100,1.0
MimicPatient.ndjson.gz,Patient,fhirpack_frame,extension,100,1.0
MimicPatient.ndjson.gz,Patient,fhirpack_frame,identifier,100,1.0
MimicPatient.ndjson.gz,Patient,fhirpack_frame,resourceType,100,1.0
MimicPatient.ndjson.gz,Patient,fhirpack_frame,communication,92,0.92
MimicPatient.ndjson.gz,Patient,fhirpack_frame,maritalStatus,100,1.0
MimicPatient.ndjson.gz,Patient,fhirpack_frame,managingOrganization,100,1.0
MimicPatient.ndjson.gz,Patient,fhirpack_frame,deceasedDateTime,31,0.31
MimicPatient.ndjson.gz,Patient,generic_json_normalize,id,100,1.0
MimicPatient.ndjson.gz,Patient,generic_json_normalize,name,100,1.0
MimicPatient.ndjson.gz,Patient,generic_json_normalize,gender,100,1.0
MimicPatient.ndjson.gz,Patient,generic_json_normalize,birthDate,100,1.0
MimicPatient.ndjson.gz,Patient,generic_json_normalize,extension,100,1.0
MimicPatient.ndjson.gz,Patient,generic_json_normalize,identifier,100,1.0
MimicPatient.ndjson.gz,Patient,generic_json_normalize,resourceType,100,1.0
MimicPatient.ndjson.gz,Patient,generic_json_normalize,communication,92,0.92
MimicPatient.ndjson.gz,Patient,generic_json_normalize,meta.profile,100,1.0
MimicPatient.ndjson.gz,Patient,generic_json_normalize,maritalStatus.coding,100,1.0
MimicPatient.ndjson.gz,Patient,generic_json_normalize,managingOrganization.reference,100,1.0
MimicPatient.ndjson.gz,Patient,generic_json_normalize,deceasedDateTime,31,0.31
MimicProcedure.ndjson.gz,Procedure,fhiry_compact,resourceType,722,1.0
MimicProcedure.ndjson.gz,Procedure,fhiry_compact,id,722,1.0
MimicProcedure.ndjson.gz,Procedure,fhiry_compact,status,722,1.0
MimicProcedure.ndjson.gz,Procedure,fhiry_compact,subject_ref,722,1.0
MimicProcedure.ndjson.gz,Procedure,fhiry_compact,encounter_ref,722,1.0
MimicProcedure.ndjson.gz,Procedure,fhiry_compact,code_code,722,1.0
MimicProcedure.ndjson.gz,Procedure,fhiry_compact,code_system,722,1.0
MimicProcedure.ndjson.gz,Procedure,fhiry_compact,code_display,722,1.0
MimicProcedure.ndjson.gz,Procedure,fhiry_compact,performed_datetime,722,1.0
MimicProcedure.ndjson.gz,Procedure,fhiry_compact,performed_period_start,0,0.0
MimicProcedure.ndjson.gz,Procedure,fhiry_compact,performed_period_end,0,0.0
MimicProcedure.ndjson.gz,Procedure,fhirpack_frame,id,722,1.0
MimicProcedure.ndjson.gz,Procedure,fhirpack_frame,code,722,1.0
MimicProcedure.ndjson.gz,Procedure,fhirpack_frame,meta,722,1.0
MimicProcedure.ndjson.gz,Procedure,fhirpack_frame,status,722,1.0
MimicProcedure.ndjson.gz,Procedure,fhirpack_frame,subject,722,1.0
MimicProcedure.ndjson.gz,Procedure,fhirpack_frame,encounter,722,1.0
MimicProcedure.ndjson.gz,Procedure,fhirpack_frame,resourceType,722,1.0
MimicProcedure.ndjson.gz,Procedure,fhirpack_frame,performedDateTime,722,1.0
MimicProcedure.ndjson.gz,Procedure,generic_json_normalize,id,722,1.0
MimicProcedure.ndjson.gz,Procedure,generic_json_normalize,status,722,1.0
MimicProcedure.ndjson.gz,Procedure,generic_json_normalize,resourceType,722,1.0
MimicProcedure.ndjson.gz,Procedure,generic_json_normalize,performedDateTime,722,1.0
MimicProcedure.ndjson.gz,Procedure,generic_json_normalize,code.coding,722,1.0
MimicProcedure.ndjson.gz,Procedure,generic_json_normalize,meta.profile,722,1.0
MimicProcedure.ndjson.gz,Procedure,generic_json_normalize,subject.reference,722,1.0
MimicProcedure.ndjson.gz,Procedure,generic_json_normalize,encounter.reference,722,1.0
MimicProcedureED.ndjson.gz,Procedure,fhiry_compact,resourceType,1260,1.0
MimicProcedureED.ndjson.gz,Procedure,fhiry_compact,id,1260,1.0
MimicProcedureED.ndjson.gz,Procedure,fhiry_compact,status,1260,1.0
MimicProcedureED.ndjson.gz,Procedure,fhiry_compact,subject_ref,1260,1.0
MimicProcedureED.ndjson.gz,Procedure,fhiry_compact,encounter_ref,1260,1.0
MimicProcedureED.ndjson.gz,Procedure,fhiry_compact,code_code,1260,1.0
MimicProcedureED.ndjson.gz,Procedure,fhiry_compact,code_system,1260,1.0
MimicProcedureED.ndjson.gz,Procedure,fhiry_compact,code_display,1260,1.0
MimicProcedureED.ndjson.gz,Procedure,fhiry_compact,performed_datetime,1260,1.0
MimicProcedureED.ndjson.gz,Procedure,fhiry_compact,performed_period_start,0,0.0
MimicProcedureED.ndjson.gz,Procedure,fhiry_compact,performed_period_end,0,0.0
MimicProcedureED.ndjson.gz,Procedure,fhirpack_frame,id,1260,1.0
MimicProcedureED.ndjson.gz,Procedure,fhirpack_frame,code,1260,1.0
MimicProcedureED.ndjson.gz,Procedure,fhirpack_frame,meta,1260,1.0
MimicProcedureED.ndjson.gz,Procedure,fhirpack_frame,status,1260,1.0
MimicProcedureED.ndjson.gz,Procedure,fhirpack_frame,subject,1260,1.0
MimicProcedureED.ndjson.gz,Procedure,fhirpack_frame,encounter,1260,1.0
MimicProcedureED.ndjson.gz,Procedure,fhirpack_frame,resourceType,1260,1.0
MimicProcedureED.ndjson.gz,Procedure,fhirpack_frame,performedDateTime,1260,1.0
MimicProcedureED.ndjson.gz,Procedure,generic_json_normalize,id,1260,1.0
MimicProcedureED.ndjson.gz,Procedure,generic_json_normalize,status,1260,1.0
MimicProcedureED.ndjson.gz,Procedure,generic_json_normalize,resourceType,1260,1.0
MimicProcedureED.ndjson.gz,Procedure,generic_json_normalize,performedDateTime,1260,1.0
MimicProcedureED.ndjson.gz,Procedure,generic_json_normalize,code.coding,1260,1.0
MimicProcedureED.ndjson.gz,Procedure,generic_json_normalize,meta.profile,1260,1.0
MimicProcedureED.ndjson.gz,Procedure,generic_json_normalize,subject.reference,1260,1.0
MimicProcedureED.ndjson.gz,Procedure,generic_json_normalize,encounter.reference,1260,1.0
MimicProcedureICU.ndjson.gz,Procedure,fhiry_compact,resourceType,1468,1.0
MimicProcedureICU.ndjson.gz,Procedure,fhiry_compact,id,1468,1.0
MimicProcedureICU.ndjson.gz,Procedure,fhiry_compact,status,1468,1.0
MimicProcedureICU.ndjson.gz,Procedure,fhiry_compact,subject_ref,1468,1.0
MimicProcedureICU.ndjson.gz,Procedure,fhiry_compact,encounter_ref,1468,1.0
MimicProcedureICU.ndjson.gz,Procedure,fhiry_compact,code_code,1468,1.0
MimicProcedureICU.ndjson.gz,Procedure,fhiry_compact,code_system,1468,1.0
MimicProcedureICU.ndjson.gz,Procedure,fhiry_compact,code_display,1468,1.0
MimicProcedureICU.ndjson.gz,Procedure,fhiry_compact,performed_datetime,0,0.0
MimicProcedureICU.ndjson.gz,Procedure,fhiry_compact,performed_period_start,1468,1.0
MimicProcedureICU.ndjson.gz,Procedure,fhiry_compact,performed_period_end,1468,1.0
MimicProcedureICU.ndjson.gz,Procedure,fhirpack_frame,id,1468,1.0
MimicProcedureICU.ndjson.gz,Procedure,fhirpack_frame,code,1468,1.0
MimicProcedureICU.ndjson.gz,Procedure,fhirpack_frame,meta,1468,1.0
MimicProcedureICU.ndjson.gz,Procedure,fhirpack_frame,status,1468,1.0
MimicProcedureICU.ndjson.gz,Procedure,fhirpack_frame,subject,1468,1.0
MimicProcedureICU.ndjson.gz,Procedure,fhirpack_frame,category,1468,1.0
MimicProcedureICU.ndjson.gz,Procedure,fhirpack_frame,encounter,1468,1.0
MimicProcedureICU.ndjson.gz,Procedure,fhirpack_frame,resourceType,1468,1.0
MimicProcedureICU.ndjson.gz,Procedure,fhirpack_frame,performedPeriod,1468,1.0
MimicProcedureICU.ndjson.gz,Procedure,fhirpack_frame,bodySite,353,0.24046321525885558
MimicProcedureICU.ndjson.gz,Procedure,generic_json_normalize,id,1468,1.0
MimicProcedureICU.ndjson.gz,Procedure,generic_json_normalize,status,1468,1.0
MimicProcedureICU.ndjson.gz,Procedure,generic_json_normalize,resourceType,1468,1.0
MimicProcedureICU.ndjson.gz,Procedure,generic_json_normalize,code.coding,1468,1.0
MimicProcedureICU.ndjson.gz,Procedure,generic_json_normalize,meta.profile,1468,1.0
MimicProcedureICU.ndjson.gz,Procedure,generic_json_normalize,subject.reference,1468,1.0
MimicProcedureICU.ndjson.gz,Procedure,generic_json_normalize,category.coding,1468,1.0
MimicProcedureICU.ndjson.gz,Procedure,generic_json_normalize,encounter.reference,1468,1.0
MimicProcedureICU.ndjson.gz,Procedure,generic_json_normalize,performedPeriod.end,1468,1.0
MimicProcedureICU.ndjson.gz,Procedure,generic_json_normalize,performedPeriod.start,1468,1.0
MimicProcedureICU.ndjson.gz,Procedure,generic_json_normalize,bodySite,353,0.24046321525885558
